INSERT INTO `department`(`dep_id`, `dep_name`, `dep_location`) VALUES (10001,'Sales','Pune')
INSERT INTO `department`(`dep_id`, `dep_name`, `dep_location`) VALUES (10002,'Marketing','Pune')
INSERT INTO `department`(`dep_id`, `dep_name`, `dep_location`) VALUES (10003,'HR','Pune')



INSERT INTO `employees`(`emp_id`, `emp_name`, `job_name`, `hire_date`, `salary`, `dep_id`) VALUES (101,'Aman','Attendant','2019-07-04',20000,10001)
INSERT INTO `employees`(`emp_id`, `emp_name`, `job_name`, `hire_date`, `salary`, `dep_id`) VALUES (102,'Baban','Attendant','2019-07-04',20000,10001)
INSERT INTO `employees`(`emp_id`, `emp_name`, `job_name`, `hire_date`, `salary`, `dep_id`) VALUES (103,'Chinmay','Attendant','2019-07-04',20000,10001)
INSERT INTO `employees`(`emp_id`, `emp_name`, `job_name`, `hire_date`, `salary`, `dep_id`) VALUES (104,'Manas','Attendant','2019-07-04',20000,10001)
INSERT INTO `employees`(`emp_id`, `emp_name`, `job_name`, `hire_date`, `salary`, `dep_id`) VALUES (105,'Vikram','Sales Executive','2019-07-04',100000,10001)
INSERT INTO `employees`(`emp_id`, `emp_name`, `job_name`, `hire_date`, `salary`, `dep_id`) VALUES (201,'Suresh','Planner','2019-07-04',20000,10002)
INSERT INTO `employees`(`emp_id`, `emp_name`, `job_name`, `hire_date`, `salary`, `dep_id`) VALUES (202,'Ramesh','Planner','2019-07-04',20000,10002)
INSERT INTO `employees`(`emp_id`, `emp_name`, `job_name`, `hire_date`, `salary`, `dep_id`) VALUES (203,'Aditi','Planner','2019-07-04',20000,10002)
INSERT INTO `employees`(`emp_id`, `emp_name`, `job_name`, `hire_date`, `salary`, `dep_id`) VALUES (204,'Manali','Planner','2019-07-04',20000,10002)
INSERT INTO `employees`(`emp_id`, `emp_name`, `job_name`, `hire_date`, `salary`, `dep_id`) VALUES (205,'Shruti','Marketing Executive','2019-07-04',100000,10002)
INSERT INTO `employees`(`emp_id`, `emp_name`, `job_name`, `hire_date`, `salary`, `dep_id`) VALUES (301,'Ahmed','Bookepper','2019-07-04',20000,10002)
INSERT INTO `employees`(`emp_id`, `emp_name`, `job_name`, `hire_date`, `salary`, `dep_id`) VALUES (301,'Ahmed','Bookepper','2019-07-04',20000,10003)
INSERT INTO `employees`(`emp_id`, `emp_name`, `job_name`, `hire_date`, `salary`, `dep_id`) VALUES (302,'Akhil','Bookepper','2019-07-04',20000,10003)
INSERT INTO `employees`(`emp_id`, `emp_name`, `job_name`, `hire_date`, `salary`, `dep_id`) VALUES (303,'Manasvi','Bookepper','2019-07-04',20000,10003)
INSERT INTO `employees`(`emp_id`, `emp_name`, `job_name`, `hire_date`, `salary`, `dep_id`) VALUES (304,'Gaurav','Bookepper','2019-07-04',20000,10003)
INSERT INTO `employees`(`emp_id`, `emp_name`, `job_name`, `hire_date`, `salary`, `dep_id`) VALUES (305,'Seema','HR Executive','2019-07-04',20000,10003)


INSERT INTO `login`(`emp_id`, `password`) VALUES (11011,'Admin')
INSERT INTO `login`(`emp_id`, `password`) VALUES (101,'Aman')
INSERT INTO `login`(`emp_id`, `password`) VALUES (102,'baban')
INSERT INTO `login`(`emp_id`, `password`) VALUES (103,'chinmay')
INSERT INTO `login`(`emp_id`, `password`) VALUES (104,'manas')
INSERT INTO `login`(`emp_id`, `password`) VALUES (105,'vikram')
INSERT INTO `login`(`emp_id`, `password`) VALUES (201,'suresh')
INSERT INTO `login`(`emp_id`, `password`) VALUES (202,'ramesh')
INSERT INTO `login`(`emp_id`, `password`) VALUES (203,'aditi')
INSERT INTO `login`(`emp_id`, `password`) VALUES (204,'manali')
INSERT INTO `login`(`emp_id`, `password`) VALUES (205,'shruti')
INSERT INTO `login`(`emp_id`, `password`) VALUES (301,'ahmed')
INSERT INTO `login`(`emp_id`, `password`) VALUES (302,'akhil')
INSERT INTO `login`(`emp_id`, `password`) VALUES (303,'manasvi')
INSERT INTO `login`(`emp_id`, `password`) VALUES (304,'gaurav')
INSERT INTO `login`(`emp_id`, `password`) VALUES (305,'seema')


INSERT INTO `managers`(`man_id`, `emp_id`) VALUES (105,101)
INSERT INTO `managers`(`man_id`, `emp_id`) VALUES (105,102)
INSERT INTO `managers`(`man_id`, `emp_id`) VALUES (105,103)
INSERT INTO `managers`(`man_id`, `emp_id`) VALUES (105,104)
INSERT INTO `managers`(`man_id`, `emp_id`) VALUES (205,201)
INSERT INTO `managers`(`man_id`, `emp_id`) VALUES (205,202)
INSERT INTO `managers`(`man_id`, `emp_id`) VALUES (205,203)
INSERT INTO `managers`(`man_id`, `emp_id`) VALUES (205,204)
INSERT INTO `managers`(`man_id`, `emp_id`) VALUES (305,301)
INSERT INTO `managers`(`man_id`, `emp_id`) VALUES (305,302)
INSERT INTO `managers`(`man_id`, `emp_id`) VALUES (305,303)
INSERT INTO `managers`(`man_id`, `emp_id`) VALUES (305,304)



INSERT INTO `project`(`emp_id`, `proj_name`) VALUES (101,'AdPlan')
INSERT INTO `project`(`emp_id`, `proj_name`) VALUES (201,'AdPlan')
INSERT INTO `project`(`emp_id`, `proj_name`) VALUES (301,'AdPlan')
INSERT INTO `project`(`emp_id`, `proj_name`) VALUES (102,'NewProduct')
INSERT INTO `project`(`emp_id`, `proj_name`) VALUES (202,'NewProduct')
INSERT INTO `project`(`emp_id`, `proj_name`) VALUES (302,'NewProduct')
INSERT INTO `project`(`emp_id`, `proj_name`) VALUES (103,'Schemadesign')
INSERT INTO `project`(`emp_id`, `proj_name`) VALUES (104,'Schemadesign')
INSERT INTO `project`(`emp_id`, `proj_name`) VALUES (203,'Schemadesign')
INSERT INTO `project`(`emp_id`, `proj_name`) VALUES (204,'Schemadesign')
INSERT INTO `project`(`emp_id`, `proj_name`) VALUES (303,'Schemadesign')
INSERT INTO `project`(`emp_id`, `proj_name`) VALUES (304,'Schemadesign')
